{"_runtime":957,"val_acc":0.9883333333333333,"val_loss":0.03806505767007669,"_timestamp":1.7788614906341448e+09,"_step":0,"_wandb":{"runtime":957}}