{"_step":0,"_runtime":138,"_wandb":{"runtime":138},"val_acc":0.9785833333333334,"val_loss":0.07008504041781029,"_timestamp":1.7788599662844028e+09}